ASGN_TYPE,GRADE,WORTH
Assignments,100,0.6060606060606061
Midterm Exams,83,0.3939393939393939
